op_kind,n,acc,auc
rank_2k,64,1.0,
gemm,537,0.845437616387337,0.9241797406691024
other,2831,0.7944189332391381,0.8697865730442803
conv2d,869,0.7940161104718066,0.8613254288435404
conv3d,202,0.7871287128712872,0.8507731659109405
